{
  "外資券商": {
    "mean": 1.2179669717546437,
    "std": 0.9078672650973122,
    "max": 57.2887,
    "min": -68.2683
  },
  "主力券商": {
    "mean": 1.2210624264428447,
    "std": 0.9364140516478496,
    "max": 40.4627,
    "min": -1.3159
  },
  "官股券商": {
    "mean": 1.2184717954085549,
    "std": 0.9147521506453876,
    "max": 27.4862,
    "min": -12.8773
  },
  "個股券商分點籌碼分析": {
    "mean": 1.2294847131782947,
    "std": 0.9893283543884428,
    "max": 9.3421,
    "min": -6.8665
  },
  "個股券商分點區域分析": {
    "mean": 1.189569226224923,
    "std": 0.9773580773401145,
    "max": 7.9243,
    "min": -0.2689
  },
  "個股主力買賣超統計": {
    "mean": 1.1863068672839505,
    "std": 1.148854837533462,
    "max": 30.8475,
    "min": -27.4944
  },
  "日外資": {
    "mean": 1.2302412045435378,
    "std": 1.0194434042665326,
    "max": 30.1262,
    "min": -13.3547
  },
  "日自營": {
    "mean": 1.2201271144059076,
    "std": 0.7984472624146695,
    "max": 27.9158,
    "min": -5.6081
  },
  "日投信": {
    "mean": 1.207594589340591,
    "std": 0.7224597122048273,
    "max": 32.0141,
    "min": -21.0427
  },
  "技術指標": {
    "mean": 1.2123192780985539,
    "std": 1.0132462185120188,
    "max": 47.3767,
    "min": -19.1454
  },
  "月營收": {
    "mean": 1.2142628514161589,
    "std": 0.6520265301887052,
    "max": 97.0559,
    "min": -3.9653
  },
  "季IFRS財報": {
    "mean": 1.22413149919775,
    "std": 0.7607154183878804,
    "max": 154.1126,
    "min": -72.2386
  },
  "買超分點": {
    "mean": 24.361711922029738,
    "std": 18.315664134435263,
    "max": 1083.0,
    "min": -19.8543
  },
  "賣超分點": {
    "mean": 24.427466431557924,
    "std": 18.406868366273486,
    "max": 1081.0,
    "min": -42.9185
  },
  "其他": {
    "mean": 1.218706216329966,
    "std": 0.9616914201711699,
    "max": 39.9737,
    "min": -4.7875
  }
}